umisid,userid,updated
10006752,agsnagalakumbura,1
10006721,msdilka,1
10006694,dmpmadushani,1
10006583,dmdmdissanayake,1
10006737,hsgallage,1
10006558,ppmgayashan,1
10006757,kgssggunathunga,1
10006594,hrkalhara,1
10006593,svtlakshitha,1
10006756,unumadusanki,1
10006684,pmmhrmuhandiram,1
10006586,hknanayakkara,1
10006715,kajrasinika,1
10006750,parathnayake,1
10006693,msisamarasena,1
10006696,dtwijesekara,1
10006603,wemddwijesekara,1
10008739,akkkalhara,1
10008808,crowedaarachchige,1
10006617,asovitigala,1
10006685,bumfernando,1
10006679,pbmksdsirisena,1
10006609,dsgovinna,1
10008841,amacsaalagiyawanna,1
10020442,wmymwalisundara,1
10018795,kjapeiris,1
10018816,usrathnayake,1
10018852,mggwijerathna,1
10018831,lhksssenarath,1
10020875,dmaedissanayaka,1
10018751,anzafthas,1
10018756,djbdealwis,1
10018757,dadeniyegedara,1
10018772,smspatabandi,1
10018837,aapsilva,1
10018861,knthisaranga,1
10020594,stgdesilva,1
10020842,iprasfernando,1
10020682,whadfernando,1
10020902,hvkavindi,1
10020615,dspskumarage,1
10020513,hlksliyanage,1
10020755,aakmadhawa,1
10020619,htdppeiris,1

